{"train/policy_loss":0.56536126,"time/fps":10325,"train/entropy_loss":-0.52405065,"rollout/ep_len_mean":203.62,"_wandb":{"runtime":349},"rollout/ep_rew_mean":203.62,"_runtime":349,"global_step":24000,"_timestamp":1.771523561030241e+09,"train/explained_variance":0.00055611134,"train/learning_rate":0.0007,"train/value_loss":1.5564734,"_step":95}